{
    "Meta": {
        "1.Train": "data/ml-100k/u2.base",
        "2.Test": "data/ml-100k/u2.test",
        "3.Measurements": 3
    },
    "B.1": {
        "1.GlobalAvg": 3.5264625,
        "2.User1Avg": 3.63302752293578,
        "3.Item1Avg": 3.888268156424581,
        "4.Item1AvgDev": 0.3027072341444875,
        "5.PredUser1Item1": 4.046819980619529
    },
    "B.2": {
        "1.GlobalAvgMAE": 0.9489109899999697,
        "2.UserAvgMAE": 0.8383401457987351,
        "3.ItemAvgMAE": 0.8206984177661014,
        "4.BaselineMAE": 0.7604467914538644
    },
    "B.3": {
        "1.GlobalAvg": {
            "average (ms)": 4.284533333333333,
            "stddev (ms)": 0.27700667059757894
        },
        "2.UserAvg": {
            "average (ms)": 132.88313333333335,
            "stddev (ms)": 1.4792305236920367
        },
        "3.ItemAvg": {
            "average (ms)": 394.4195666666667,
            "stddev (ms)": 41.49128945825724
        },
        "4.Baseline": {
            "average (ms)": 83449.05686666667,
            "stddev (ms)": 2398.409076911702
        }
    }
}