{
    "Meta": {
        "1.Train": "data/ml-100k/u2.base",
        "2.Test": "data/ml-100k/u2.test",
        "3.Measurements": 3
    },
    "B.1": {
        "1.GlobalAvg": 3.5264625,
        "2.User1Avg": 3.63302752293578,
        "3.Item1Avg": 3.888268156424581,
        "4.Item1AvgDev": 0.3027072341444875,
        "5.PredUser1Item1": 4.046819980619529
    },
    "B.2": {
        "1.GlobalAvgMAE": 0.9489109899999697,
        "2.UserAvgMAE": 0.8383401457987351,
        "3.ItemAvgMAE": 0.9855336605133053,
        "4.BaselineMAE": 0.7760004687910635
    },
    "B.3": {
        "1.GlobalAvg": {
            "average (ms)": 2.5412666666666666,
            "stddev (ms)": 0.6304424760083632
        },
        "2.UserAvg": {
            "average (ms)": 66.26123333333334,
            "stddev (ms)": 10.028476278522524
        },
        "3.ItemAvg": {
            "average (ms)": 36.05226666666667,
            "stddev (ms)": 3.8718975514454015
        },
        "4.Baseline": {
            "average (ms)": 50330.45916666667,
            "stddev (ms)": 621.561846712364
        }
    }
}